Date,Time,Steps,Source
2026.08.24 02:50:00,02:50:00,8,com.huami.watch.hmwatchmanager
2026.08.24 05:40:00,05:40:00,9,com.huami.watch.hmwatchmanager
2026.08.24 05:50:00,05:50:00,7,com.huami.watch.hmwatchmanager
2026.08.24 06:20:00,06:20:00,99,com.huami.watch.hmwatchmanager
2026.08.24 06:30:00,06:30:00,18,com.huami.watch.hmwatchmanager
2026.08.24 06:40:00,06:40:00,980,com.huami.watch.hmwatchmanager
2026.08.24 06:50:00,06:50:00,1287,com.huami.watch.hmwatchmanager
2026.08.24 07:00:00,07:00:00,1290,com.huami.watch.hmwatchmanager
2026.08.24 07:10:00,07:10:00,1291,com.huami.watch.hmwatchmanager
2026.08.24 07:20:00,07:20:00,1146,com.huami.watch.hmwatchmanager
2026.08.24 07:30:00,07:30:00,210,com.huami.watch.hmwatchmanager
2026.08.24 07:40:00,07:40:00,31,com.huami.watch.hmwatchmanager
2026.08.24 07:50:00,07:50:00,57,com.huami.watch.hmwatchmanager
2026.08.24 08:00:00,08:00:00,118,com.huami.watch.hmwatchmanager
2026.08.24 08:50:00,08:50:00,64,com.huami.watch.hmwatchmanager
2026.08.24 09:00:00,09:00:00,188,com.huami.watch.hmwatchmanager
2026.08.24 09:10:00,09:10:00,30,com.huami.watch.hmwatchmanager
2026.08.24 09:50:00,09:50:00,35,com.huami.watch.hmwatchmanager
2026.08.24 10:00:00,10:00:00,15,com.huami.watch.hmwatchmanager
2026.08.24 20:00:00,20:00:00,48,com.huami.watch.hmwatchmanager
2026.08.24 20:20:00,20:20:00,6,com.huami.watch.hmwatchmanager
2026.08.24 20:30:00,20:30:00,29,com.huami.watch.hmwatchmanager
2026.08.24 20:40:00,20:40:00,3,com.huami.watch.hmwatchmanager
2026.08.24 20:50:00,20:50:00,23,com.huami.watch.hmwatchmanager
2026.08.24 21:10:00,21:10:00,32,com.huami.watch.hmwatchmanager
2026.08.24 21:20:00,21:20:00,45,com.huami.watch.hmwatchmanager
2026.08.24 21:30:00,21:30:00,5,com.huami.watch.hmwatchmanager
2026.08.24 22:40:00,22:40:00,23,com.huami.watch.hmwatchmanager
2026.08.24 22:50:00,22:50:00,17,com.huami.watch.hmwatchmanager
2026.08.24 23:20:00,23:20:00,3,com.huami.watch.hmwatchmanager
2026.08.25 00:10:00,00:10:00,13,com.huami.watch.hmwatchmanager
2026.08.25 00:30:00,00:30:00,16,com.huami.watch.hmwatchmanager
2026.08.25 00:40:00,00:40:00,11,com.huami.watch.hmwatchmanager
2026.08.25 04:30:00,04:30:00,7,com.huami.watch.hmwatchmanager
2026.08.25 05:10:00,05:10:00,8,com.huami.watch.hmwatchmanager
2026.08.25 05:20:00,05:20:00,191,com.huami.watch.hmwatchmanager
2026.08.25 05:30:00,05:30:00,9,com.huami.watch.hmwatchmanager
2026.08.25 06:00:00,06:00:00,111,com.huami.watch.hmwatchmanager
2026.08.25 06:10:00,06:10:00,26,com.huami.watch.hmwatchmanager
2026.08.25 06:20:00,06:20:00,207,com.huami.watch.hmwatchmanager
2026.08.25 06:30:00,06:30:00,1192,com.huami.watch.hmwatchmanager
2026.08.25 06:40:00,06:40:00,1510,com.huami.watch.hmwatchmanager
2026.08.25 06:50:00,06:50:00,1659,com.huami.watch.hmwatchmanager
2026.08.25 07:00:00,07:00:00,1125,com.huami.watch.hmwatchmanager
2026.08.25 07:10:00,07:10:00,891,com.huami.watch.hmwatchmanager
2026.08.25 07:20:00,07:20:00,590,com.huami.watch.hmwatchmanager
2026.08.25 07:30:00,07:30:00,104,com.huami.watch.hmwatchmanager
2026.08.25 07:40:00,07:40:00,34,com.huami.watch.hmwatchmanager
2026.08.25 07:50:00,07:50:00,9,com.huami.watch.hmwatchmanager
2026.08.25 08:00:00,08:00:00,27,com.huami.watch.hmwatchmanager
2026.08.25 18:40:00,18:40:00,159,com.huami.watch.hmwatchmanager
2026.08.25 20:00:00,20:00:00,21,com.huami.watch.hmwatchmanager
2026.08.25 20:20:00,20:20:00,3,com.huami.watch.hmwatchmanager
2026.08.25 21:00:00,21:00:00,10,com.huami.watch.hmwatchmanager
2026.08.25 21:10:00,21:10:00,31,com.huami.watch.hmwatchmanager
2026.08.25 21:20:00,21:20:00,14,com.huami.watch.hmwatchmanager
2026.08.25 21:30:00,21:30:00,30,com.huami.watch.hmwatchmanager
2026.08.25 22:20:00,22:20:00,57,com.huami.watch.hmwatchmanager
2026.08.25 22:30:00,22:30:00,41,com.huami.watch.hmwatchmanager
2026.08.25 22:40:00,22:40:00,7,com.huami.watch.hmwatchmanager
2026.08.25 23:00:00,23:00:00,7,com.huami.watch.hmwatchmanager
2026.08.26 00:00:00,00:00:00,10,com.huami.watch.hmwatchmanager
2026.08.26 05:20:00,05:20:00,86,com.huami.watch.hmwatchmanager
2026.08.26 05:30:00,05:30:00,247,com.huami.watch.hmwatchmanager
2026.08.26 06:00:00,06:00:00,30,com.huami.watch.hmwatchmanager
2026.08.26 06:10:00,06:10:00,39,com.huami.watch.hmwatchmanager
2026.08.26 06:20:00,06:20:00,175,com.huami.watch.hmwatchmanager
2026.08.26 06:30:00,06:30:00,1196,com.huami.watch.hmwatchmanager
2026.08.26 06:40:00,06:40:00,1695,com.huami.watch.hmwatchmanager
2026.08.26 06:50:00,06:50:00,1683,com.huami.watch.hmwatchmanager
2026.08.26 07:00:00,07:00:00,893,com.huami.watch.hmwatchmanager
2026.08.26 07:10:00,07:10:00,1059,com.huami.watch.hmwatchmanager
2026.08.26 07:20:00,07:20:00,624,com.huami.watch.hmwatchmanager
2026.08.26 07:30:00,07:30:00,53,com.huami.watch.hmwatchmanager
2026.08.26 07:40:00,07:40:00,59,com.huami.watch.hmwatchmanager
2026.08.26 20:00:00,20:00:00,31,com.huami.watch.hmwatchmanager
2026.08.26 20:10:00,20:10:00,8,com.huami.watch.hmwatchmanager
2026.08.26 20:20:00,20:20:00,3,com.huami.watch.hmwatchmanager
2026.08.26 20:40:00,20:40:00,5,com.huami.watch.hmwatchmanager
2026.08.26 21:10:00,21:10:00,5,com.huami.watch.hmwatchmanager
2026.08.26 21:30:00,21:30:00,49,com.huami.watch.hmwatchmanager
2026.08.26 22:40:00,22:40:00,21,com.huami.watch.hmwatchmanager
2026.08.27 03:50:00,03:50:00,6,com.huami.watch.hmwatchmanager
2026.08.27 05:30:00,05:30:00,326,com.huami.watch.hmwatchmanager
2026.08.27 05:40:00,05:40:00,170,com.huami.watch.hmwatchmanager
2026.08.27 06:00:00,06:00:00,91,com.huami.watch.hmwatchmanager
2026.08.27 06:10:00,06:10:00,50,com.huami.watch.hmwatchmanager
2026.08.27 06:20:00,06:20:00,275,com.huami.watch.hmwatchmanager
2026.08.27 06:30:00,06:30:00,1184,com.huami.watch.hmwatchmanager
2026.08.27 06:40:00,06:40:00,1685,com.huami.watch.hmwatchmanager
2026.08.27 06:50:00,06:50:00,1688,com.huami.watch.hmwatchmanager
2026.08.27 07:00:00,07:00:00,777,com.huami.watch.hmwatchmanager
2026.08.27 07:10:00,07:10:00,839,com.huami.watch.hmwatchmanager
2026.08.27 07:20:00,07:20:00,701,com.huami.watch.hmwatchmanager
2026.08.27 07:30:00,07:30:00,72,com.huami.watch.hmwatchmanager
2026.08.27 07:40:00,07:40:00,22,com.huami.watch.hmwatchmanager
2026.08.27 20:00:00,20:00:00,18,com.huami.watch.hmwatchmanager
2026.08.27 20:20:00,20:20:00,43,com.huami.watch.hmwatchmanager
2026.08.27 20:30:00,20:30:00,56,com.huami.watch.hmwatchmanager
2026.08.27 20:50:00,20:50:00,16,com.huami.watch.hmwatchmanager
2026.08.27 21:10:00,21:10:00,13,com.huami.watch.hmwatchmanager
2026.08.27 21:30:00,21:30:00,18,com.huami.watch.hmwatchmanager
2026.08.27 21:40:00,21:40:00,10,com.huami.watch.hmwatchmanager
2026.08.27 22:30:00,22:30:00,7,com.huami.watch.hmwatchmanager
2026.08.27 22:40:00,22:40:00,29,com.huami.watch.hmwatchmanager
2026.08.27 23:00:00,23:00:00,11,com.huami.watch.hmwatchmanager
2026.08.28 01:30:00,01:30:00,25,com.huami.watch.hmwatchmanager
2026.08.28 01:50:00,01:50:00,11,com.huami.watch.hmwatchmanager
2026.08.28 02:00:00,02:00:00,3,com.huami.watch.hmwatchmanager
2026.08.28 02:10:00,02:10:00,27,com.huami.watch.hmwatchmanager
2026.08.28 02:20:00,02:20:00,23,com.huami.watch.hmwatchmanager
2026.08.28 02:30:00,02:30:00,3,com.huami.watch.hmwatchmanager
2026.08.28 02:40:00,02:40:00,251,com.huami.watch.hmwatchmanager
2026.08.28 02:50:00,02:50:00,65,com.huami.watch.hmwatchmanager
2026.08.28 03:00:00,03:00:00,99,com.huami.watch.hmwatchmanager
2026.08.28 03:10:00,03:10:00,23,com.huami.watch.hmwatchmanager
2026.08.28 03:30:00,03:30:00,7,com.huami.watch.hmwatchmanager
2026.08.28 06:40:00,06:40:00,11,com.huami.watch.hmwatchmanager
2026.08.28 07:00:00,07:00:00,5,com.huami.watch.hmwatchmanager
2026.08.28 07:10:00,07:10:00,5,com.huami.watch.hmwatchmanager
2026.08.28 07:20:00,07:20:00,20,com.huami.watch.hmwatchmanager
2026.08.28 07:40:00,07:40:00,21,com.huami.watch.hmwatchmanager
2026.08.28 07:50:00,07:50:00,24,com.huami.watch.hmwatchmanager
2026.08.28 09:10:00,09:10:00,25,com.huami.watch.hmwatchmanager
2026.08.28 09:20:00,09:20:00,173,com.huami.watch.hmwatchmanager
2026.08.28 09:30:00,09:30:00,263,com.huami.watch.hmwatchmanager
2026.08.28 09:40:00,09:40:00,173,com.huami.watch.hmwatchmanager
2026.08.28 09:50:00,09:50:00,170,com.huami.watch.hmwatchmanager
2026.08.28 10:00:00,10:00:00,44,com.huami.watch.hmwatchmanager
2026.08.28 10:10:00,10:10:00,222,com.huami.watch.hmwatchmanager
2026.08.28 10:20:00,10:20:00,87,com.huami.watch.hmwatchmanager
2026.08.28 10:30:00,10:30:00,19,com.huami.watch.hmwatchmanager
2026.08.28 11:10:00,11:10:00,24,com.huami.watch.hmwatchmanager
2026.08.28 11:20:00,11:20:00,36,com.huami.watch.hmwatchmanager
2026.08.28 11:30:00,11:30:00,16,com.huami.watch.hmwatchmanager
2026.08.28 11:40:00,11:40:00,25,com.huami.watch.hmwatchmanager
2026.08.28 11:50:00,11:50:00,35,com.huami.watch.hmwatchmanager
2026.08.28 12:00:00,12:00:00,37,com.huami.watch.hmwatchmanager
2026.08.28 12:10:00,12:10:00,82,com.huami.watch.hmwatchmanager
2026.08.28 12:40:00,12:40:00,16,com.huami.watch.hmwatchmanager
2026.08.28 12:50:00,12:50:00,15,com.huami.watch.hmwatchmanager
2026.08.28 13:30:00,13:30:00,15,com.huami.watch.hmwatchmanager
2026.08.28 19:50:00,19:50:00,19,com.huami.watch.hmwatchmanager
2026.08.28 20:10:00,20:10:00,7,com.huami.watch.hmwatchmanager
2026.08.28 20:20:00,20:20:00,24,com.huami.watch.hmwatchmanager
2026.08.28 21:30:00,21:30:00,35,com.huami.watch.hmwatchmanager
2026.08.28 22:20:00,22:20:00,23,com.huami.watch.hmwatchmanager
2026.08.28 23:00:00,23:00:00,36,com.huami.watch.hmwatchmanager
2026.08.29 02:20:00,02:20:00,6,com.huami.watch.hmwatchmanager
2026.08.29 05:20:00,05:20:00,114,com.huami.watch.hmwatchmanager
2026.08.29 05:30:00,05:30:00,463,com.huami.watch.hmwatchmanager
2026.08.29 05:40:00,05:40:00,216,com.huami.watch.hmwatchmanager
2026.08.29 06:00:00,06:00:00,28,com.huami.watch.hmwatchmanager
2026.08.29 06:10:00,06:10:00,79,com.huami.watch.hmwatchmanager
2026.08.29 06:20:00,06:20:00,198,com.huami.watch.hmwatchmanager
2026.08.29 06:30:00,06:30:00,132,com.huami.watch.hmwatchmanager
2026.08.29 06:40:00,06:40:00,850,com.huami.watch.hmwatchmanager
2026.08.29 06:50:00,06:50:00,1692,com.huami.watch.hmwatchmanager
2026.08.29 07:00:00,07:00:00,1676,com.huami.watch.hmwatchmanager
2026.08.29 07:10:00,07:10:00,790,com.huami.watch.hmwatchmanager
2026.08.29 07:20:00,07:20:00,767,com.huami.watch.hmwatchmanager
2026.08.29 07:30:00,07:30:00,754,com.huami.watch.hmwatchmanager
2026.08.29 07:40:00,07:40:00,189,com.huami.watch.hmwatchmanager
2026.08.29 07:50:00,07:50:00,18,com.huami.watch.hmwatchmanager
2026.08.29 08:00:00,08:00:00,5,com.huami.watch.hmwatchmanager
2026.08.29 08:10:00,08:10:00,40,com.huami.watch.hmwatchmanager
2026.08.29 11:10:00,11:10:00,15,com.huami.watch.hmwatchmanager
2026.08.29 11:20:00,11:20:00,53,com.huami.watch.hmwatchmanager
2026.08.29 16:20:00,16:20:00,68,com.huami.watch.hmwatchmanager
2026.08.29 16:30:00,16:30:00,64,com.huami.watch.hmwatchmanager
2026.08.29 16:40:00,16:40:00,12,com.huami.watch.hmwatchmanager
2026.08.29 16:50:00,16:50:00,15,com.huami.watch.hmwatchmanager
2026.08.29 17:00:00,17:00:00,58,com.huami.watch.hmwatchmanager
2026.08.29 17:10:00,17:10:00,26,com.huami.watch.hmwatchmanager
2026.08.29 17:40:00,17:40:00,14,com.huami.watch.hmwatchmanager
2026.08.29 17:50:00,17:50:00,16,com.huami.watch.hmwatchmanager
2026.08.29 18:00:00,18:00:00,52,com.huami.watch.hmwatchmanager
2026.08.29 18:10:00,18:10:00,43,com.huami.watch.hmwatchmanager
2026.08.29 18:20:00,18:20:00,50,com.huami.watch.hmwatchmanager
2026.08.29 20:00:00,20:00:00,14,com.huami.watch.hmwatchmanager
2026.08.29 20:10:00,20:10:00,19,com.huami.watch.hmwatchmanager
2026.08.29 20:30:00,20:30:00,9,com.huami.watch.hmwatchmanager
2026.08.29 20:40:00,20:40:00,7,com.huami.watch.hmwatchmanager
2026.08.29 20:50:00,20:50:00,5,com.huami.watch.hmwatchmanager
2026.08.29 21:00:00,21:00:00,22,com.huami.watch.hmwatchmanager
2026.08.29 21:10:00,21:10:00,14,com.huami.watch.hmwatchmanager
2026.08.29 21:30:00,21:30:00,42,com.huami.watch.hmwatchmanager
2026.08.29 22:00:00,22:00:00,19,com.huami.watch.hmwatchmanager
2026.08.29 22:20:00,22:20:00,20,com.huami.watch.hmwatchmanager
2026.08.30 01:40:00,01:40:00,7,com.huami.watch.hmwatchmanager
2026.08.30 05:40:00,05:40:00,129,com.huami.watch.hmwatchmanager
2026.08.30 05:50:00,05:50:00,285,com.huami.watch.hmwatchmanager
2026.08.30 06:00:00,06:00:00,19,com.huami.watch.hmwatchmanager
2026.08.30 06:10:00,06:10:00,203,com.huami.watch.hmwatchmanager
2026.08.30 08:10:00,08:10:00,86,com.huami.watch.hmwatchmanager
2026.08.30 08:30:00,08:30:00,50,com.huami.watch.hmwatchmanager
2026.08.30 08:40:00,08:40:00,26,com.huami.watch.hmwatchmanager
2026.08.30 13:00:00,13:00:00,13,com.huami.watch.hmwatchmanager
2026.08.30 13:10:00,13:10:00,44,com.huami.watch.hmwatchmanager
2026.08.30 13:20:00,13:20:00,40,com.huami.watch.hmwatchmanager
2026.08.30 13:30:00,13:30:00,15,com.huami.watch.hmwatchmanager
2026.08.30 13:40:00,13:40:00,9,com.huami.watch.hmwatchmanager
2026.08.30 14:00:00,14:00:00,55,com.huami.watch.hmwatchmanager
2026.08.30 16:40:00,16:40:00,19,com.huami.watch.hmwatchmanager
2026.08.30 17:00:00,17:00:00,15,com.huami.watch.hmwatchmanager
2026.08.30 17:10:00,17:10:00,15,com.huami.watch.hmwatchmanager
2026.08.30 17:40:00,17:40:00,20,com.huami.watch.hmwatchmanager
2026.08.30 17:50:00,17:50:00,217,com.huami.watch.hmwatchmanager
2026.08.30 18:00:00,18:00:00,68,com.huami.watch.hmwatchmanager
2026.08.30 19:00:00,19:00:00,10,com.huami.watch.hmwatchmanager
2026.08.30 19:10:00,19:10:00,22,com.huami.watch.hmwatchmanager
2026.08.30 21:50:00,21:50:00,24,com.huami.watch.hmwatchmanager
2026.08.30 22:40:00,22:40:00,7,com.huami.watch.hmwatchmanager
2026.08.31 01:30:00,01:30:00,24,com.huami.watch.hmwatchmanager
2026.08.31 04:10:00,04:10:00,13,com.huami.watch.hmwatchmanager
2026.08.31 05:40:00,05:40:00,307,com.huami.watch.hmwatchmanager
2026.08.31 05:50:00,05:50:00,36,com.huami.watch.hmwatchmanager
2026.08.31 06:00:00,06:00:00,76,com.huami.watch.hmwatchmanager
2026.08.31 06:10:00,06:10:00,32,com.huami.watch.hmwatchmanager
2026.08.31 06:20:00,06:20:00,34,com.huami.watch.hmwatchmanager
2026.08.31 06:30:00,06:30:00,415,com.huami.watch.hmwatchmanager
2026.08.31 06:40:00,06:40:00,1259,com.huami.watch.hmwatchmanager
2026.08.31 06:50:00,06:50:00,1244,com.huami.watch.hmwatchmanager
2026.08.31 07:00:00,07:00:00,1265,com.huami.watch.hmwatchmanager
2026.08.31 07:10:00,07:10:00,1246,com.huami.watch.hmwatchmanager
2026.08.31 07:20:00,07:20:00,166,com.huami.watch.hmwatchmanager
2026.08.31 07:30:00,07:30:00,35,com.huami.watch.hmwatchmanager
2026.08.31 07:50:00,07:50:00,41,com.huami.watch.hmwatchmanager
2026.08.31 08:00:00,08:00:00,28,com.huami.watch.hmwatchmanager
2026.08.31 20:00:00,20:00:00,140,com.huami.watch.hmwatchmanager
2026.08.31 20:10:00,20:10:00,48,com.huami.watch.hmwatchmanager
2026.08.31 20:30:00,20:30:00,8,com.huami.watch.hmwatchmanager
2026.08.31 20:50:00,20:50:00,5,com.huami.watch.hmwatchmanager
2026.08.31 21:00:00,21:00:00,17,com.huami.watch.hmwatchmanager
2026.08.31 21:30:00,21:30:00,28,com.huami.watch.hmwatchmanager
2026.08.31 22:20:00,22:20:00,12,com.huami.watch.hmwatchmanager
2026.09.01 01:20:00,01:20:00,6,com.huami.watch.hmwatchmanager
2026.09.01 03:00:00,03:00:00,12,com.huami.watch.hmwatchmanager
2026.09.01 05:40:00,05:40:00,207,com.huami.watch.hmwatchmanager
2026.09.01 06:10:00,06:10:00,65,com.huami.watch.hmwatchmanager
2026.09.01 06:20:00,06:20:00,50,com.huami.watch.hmwatchmanager
2026.09.01 06:30:00,06:30:00,182,com.huami.watch.hmwatchmanager
2026.09.01 06:40:00,06:40:00,1198,com.huami.watch.hmwatchmanager
2026.09.01 06:50:00,06:50:00,1654,com.huami.watch.hmwatchmanager
2026.09.01 07:00:00,07:00:00,1673,com.huami.watch.hmwatchmanager
2026.09.01 07:10:00,07:10:00,837,com.huami.watch.hmwatchmanager
2026.09.01 07:20:00,07:20:00,1116,com.huami.watch.hmwatchmanager
2026.09.01 07:30:00,07:30:00,158,com.huami.watch.hmwatchmanager
2026.09.01 07:40:00,07:40:00,28,com.huami.watch.hmwatchmanager
2026.09.01 07:50:00,07:50:00,34,com.huami.watch.hmwatchmanager
2026.09.01 20:10:00,20:10:00,45,com.huami.watch.hmwatchmanager
2026.09.01 20:50:00,20:50:00,7,com.huami.watch.hmwatchmanager
2026.09.01 21:00:00,21:00:00,5,com.huami.watch.hmwatchmanager
2026.09.01 21:10:00,21:10:00,118,com.huami.watch.hmwatchmanager
2026.09.01 21:20:00,21:20:00,69,com.huami.watch.hmwatchmanager
2026.09.01 21:30:00,21:30:00,57,com.huami.watch.hmwatchmanager
2026.09.01 21:40:00,21:40:00,10,com.huami.watch.hmwatchmanager
2026.09.01 22:50:00,22:50:00,13,com.huami.watch.hmwatchmanager
2026.09.02 02:50:00,02:50:00,8,com.huami.watch.hmwatchmanager
2026.09.02 05:00:00,05:00:00,258,com.huami.watch.hmwatchmanager
2026.09.02 05:10:00,05:10:00,170,com.huami.watch.hmwatchmanager
2026.09.02 05:20:00,05:20:00,46,com.huami.watch.hmwatchmanager
2026.09.02 05:30:00,05:30:00,185,com.huami.watch.hmwatchmanager
2026.09.02 07:10:00,07:10:00,6,com.huami.watch.hmwatchmanager
2026.09.02 07:20:00,07:20:00,16,com.huami.watch.hmwatchmanager
2026.09.02 08:00:00,08:00:00,12,com.huami.watch.hmwatchmanager
2026.09.02 08:20:00,08:20:00,37,com.huami.watch.hmwatchmanager
2026.09.02 08:30:00,08:30:00,15,com.huami.watch.hmwatchmanager
2026.09.02 20:00:00,20:00:00,66,com.huami.watch.hmwatchmanager
2026.09.02 20:10:00,20:10:00,17,com.huami.watch.hmwatchmanager
2026.09.02 21:20:00,21:20:00,6,com.huami.watch.hmwatchmanager
2026.09.02 21:30:00,21:30:00,30,com.huami.watch.hmwatchmanager
2026.09.02 22:40:00,22:40:00,7,com.huami.watch.hmwatchmanager
2026.09.03 01:40:00,01:40:00,5,com.huami.watch.hmwatchmanager
2026.09.03 05:40:00,05:40:00,267,com.huami.watch.hmwatchmanager
2026.09.03 05:50:00,05:50:00,613,com.huami.watch.hmwatchmanager
2026.09.03 06:10:00,06:10:00,100,com.huami.watch.hmwatchmanager
2026.09.03 06:30:00,06:30:00,297,com.huami.watch.hmwatchmanager
2026.09.03 06:40:00,06:40:00,1276,com.huami.watch.hmwatchmanager
2026.09.03 06:50:00,06:50:00,1655,com.huami.watch.hmwatchmanager
2026.09.03 07:00:00,07:00:00,1661,com.huami.watch.hmwatchmanager
2026.09.03 07:10:00,07:10:00,673,com.huami.watch.hmwatchmanager
2026.09.03 07:20:00,07:20:00,834,com.huami.watch.hmwatchmanager
2026.09.03 07:30:00,07:30:00,561,com.huami.watch.hmwatchmanager
2026.09.03 07:40:00,07:40:00,65,com.huami.watch.hmwatchmanager
2026.09.03 08:00:00,08:00:00,6,com.huami.watch.hmwatchmanager
2026.09.03 12:00:00,12:00:00,25,com.huami.watch.hmwatchmanager
2026.09.03 12:10:00,12:10:00,23,com.huami.watch.hmwatchmanager
2026.09.03 12:30:00,12:30:00,18,com.huami.watch.hmwatchmanager
2026.09.03 12:50:00,12:50:00,9,com.huami.watch.hmwatchmanager
2026.09.03 13:00:00,13:00:00,8,com.huami.watch.hmwatchmanager
2026.09.03 13:10:00,13:10:00,5,com.huami.watch.hmwatchmanager
2026.09.03 13:20:00,13:20:00,19,com.huami.watch.hmwatchmanager
2026.09.03 13:30:00,13:30:00,15,com.huami.watch.hmwatchmanager
2026.09.03 13:40:00,13:40:00,24,com.huami.watch.hmwatchmanager
2026.09.03 13:50:00,13:50:00,36,com.huami.watch.hmwatchmanager
2026.09.03 14:00:00,14:00:00,26,com.huami.watch.hmwatchmanager
2026.09.03 14:10:00,14:10:00,8,com.huami.watch.hmwatchmanager
2026.09.03 14:30:00,14:30:00,37,com.huami.watch.hmwatchmanager
2026.09.03 14:40:00,14:40:00,10,com.huami.watch.hmwatchmanager
2026.09.03 14:50:00,14:50:00,19,com.huami.watch.hmwatchmanager
2026.09.03 15:00:00,15:00:00,46,com.huami.watch.hmwatchmanager
2026.09.03 20:10:00,20:10:00,19,com.huami.watch.hmwatchmanager
2026.09.03 20:20:00,20:20:00,16,com.huami.watch.hmwatchmanager
2026.09.03 20:30:00,20:30:00,41,com.huami.watch.hmwatchmanager
2026.09.03 20:40:00,20:40:00,21,com.huami.watch.hmwatchmanager
2026.09.03 20:50:00,20:50:00,6,com.huami.watch.hmwatchmanager
2026.09.03 21:30:00,21:30:00,35,com.huami.watch.hmwatchmanager
2026.09.03 23:20:00,23:20:00,15,com.huami.watch.hmwatchmanager
2026.09.03 23:30:00,23:30:00,47,com.huami.watch.hmwatchmanager
2026.09.04 02:20:00,02:20:00,14,com.huami.watch.hmwatchmanager
2026.09.04 04:20:00,04:20:00,6,com.huami.watch.hmwatchmanager
2026.09.04 04:30:00,04:30:00,7,com.huami.watch.hmwatchmanager
2026.09.04 05:40:00,05:40:00,122,com.huami.watch.hmwatchmanager
2026.09.04 05:50:00,05:50:00,355,com.huami.watch.hmwatchmanager
2026.09.04 06:20:00,06:20:00,76,com.huami.watch.hmwatchmanager
2026.09.04 06:30:00,06:30:00,185,com.huami.watch.hmwatchmanager
2026.09.04 06:40:00,06:40:00,598,com.huami.watch.hmwatchmanager
2026.09.04 06:50:00,06:50:00,1542,com.huami.watch.hmwatchmanager
2026.09.04 07:00:00,07:00:00,1657,com.huami.watch.hmwatchmanager
2026.09.04 07:10:00,07:10:00,1653,com.huami.watch.hmwatchmanager
2026.09.04 07:20:00,07:20:00,895,com.huami.watch.hmwatchmanager
2026.09.04 07:30:00,07:30:00,974,com.huami.watch.hmwatchmanager
2026.09.04 07:40:00,07:40:00,181,com.huami.watch.hmwatchmanager
2026.09.04 07:50:00,07:50:00,15,com.huami.watch.hmwatchmanager
2026.09.04 08:00:00,08:00:00,54,com.huami.watch.hmwatchmanager
2026.09.04 08:10:00,08:10:00,17,com.huami.watch.hmwatchmanager
2026.09.04 20:00:00,20:00:00,17,com.huami.watch.hmwatchmanager
2026.09.04 20:10:00,20:10:00,28,com.huami.watch.hmwatchmanager
2026.09.04 20:20:00,20:20:00,7,com.huami.watch.hmwatchmanager
2026.09.04 20:40:00,20:40:00,34,com.huami.watch.hmwatchmanager
2026.09.04 20:50:00,20:50:00,15,com.huami.watch.hmwatchmanager
2026.09.04 21:10:00,21:10:00,4,com.huami.watch.hmwatchmanager
2026.09.04 21:30:00,21:30:00,7,com.huami.watch.hmwatchmanager
2026.09.04 21:40:00,21:40:00,6,com.huami.watch.hmwatchmanager
2026.09.04 21:50:00,21:50:00,53,com.huami.watch.hmwatchmanager
2026.09.04 22:50:00,22:50:00,15,com.huami.watch.hmwatchmanager
2026.09.05 00:30:00,00:30:00,7,com.huami.watch.hmwatchmanager
2026.09.05 03:00:00,03:00:00,10,com.huami.watch.hmwatchmanager
2026.09.05 05:40:00,05:40:00,206,com.huami.watch.hmwatchmanager
2026.09.05 05:50:00,05:50:00,524,com.huami.watch.hmwatchmanager
2026.09.05 06:10:00,06:10:00,97,com.huami.watch.hmwatchmanager
2026.09.05 06:20:00,06:20:00,43,com.huami.watch.hmwatchmanager
2026.09.05 06:30:00,06:30:00,352,com.huami.watch.hmwatchmanager
2026.09.05 06:40:00,06:40:00,1077,com.huami.watch.hmwatchmanager
2026.09.05 06:50:00,06:50:00,1669,com.huami.watch.hmwatchmanager
2026.09.05 07:00:00,07:00:00,1673,com.huami.watch.hmwatchmanager
2026.09.05 07:10:00,07:10:00,842,com.huami.watch.hmwatchmanager
2026.09.05 07:20:00,07:20:00,1154,com.huami.watch.hmwatchmanager
2026.09.05 07:30:00,07:30:00,221,com.huami.watch.hmwatchmanager
2026.09.05 07:40:00,07:40:00,38,com.huami.watch.hmwatchmanager
2026.09.05 07:50:00,07:50:00,36,com.huami.watch.hmwatchmanager
2026.09.05 20:20:00,20:20:00,6,com.huami.watch.hmwatchmanager
2026.09.05 20:50:00,20:50:00,7,com.huami.watch.hmwatchmanager
2026.09.05 21:10:00,21:10:00,6,com.huami.watch.hmwatchmanager
2026.09.05 21:30:00,21:30:00,33,com.huami.watch.hmwatchmanager
2026.09.05 23:10:00,23:10:00,75,com.huami.watch.hmwatchmanager
2026.09.05 23:20:00,23:20:00,20,com.huami.watch.hmwatchmanager
2026.09.06 00:40:00,00:40:00,6,com.huami.watch.hmwatchmanager
2026.09.06 04:50:00,04:50:00,13,com.huami.watch.hmwatchmanager
2026.09.06 05:00:00,05:00:00,6,com.huami.watch.hmwatchmanager
2026.09.06 05:10:00,05:10:00,308,com.huami.watch.hmwatchmanager
2026.09.06 05:20:00,05:20:00,269,com.huami.watch.hmwatchmanager
2026.09.06 05:40:00,05:40:00,238,com.huami.watch.hmwatchmanager
2026.09.06 08:20:00,08:20:00,47,com.huami.watch.hmwatchmanager
2026.09.06 08:40:00,08:40:00,64,com.huami.watch.hmwatchmanager
2026.09.06 23:00:00,23:00:00,27,com.huami.watch.hmwatchmanager
2026.09.06 23:10:00,23:10:00,11,com.huami.watch.hmwatchmanager
2026.09.06 23:20:00,23:20:00,8,com.huami.watch.hmwatchmanager
2026.09.07 00:50:00,00:50:00,8,com.huami.watch.hmwatchmanager
2026.09.07 05:40:00,05:40:00,16,com.huami.watch.hmwatchmanager
2026.09.07 05:50:00,05:50:00,249,com.huami.watch.hmwatchmanager
2026.09.07 06:00:00,06:00:00,325,com.huami.watch.hmwatchmanager
2026.09.07 06:20:00,06:20:00,123,com.huami.watch.hmwatchmanager
2026.09.07 06:30:00,06:30:00,69,com.huami.watch.hmwatchmanager
2026.09.07 06:40:00,06:40:00,181,com.huami.watch.hmwatchmanager
2026.09.07 06:50:00,06:50:00,1614,com.huami.watch.hmwatchmanager
2026.09.07 07:00:00,07:00:00,1622,com.huami.watch.hmwatchmanager
2026.09.07 07:10:00,07:10:00,1625,com.huami.watch.hmwatchmanager
2026.09.07 07:20:00,07:20:00,933,com.huami.watch.hmwatchmanager
2026.09.07 07:30:00,07:30:00,999,com.huami.watch.hmwatchmanager
2026.09.07 07:50:00,07:50:00,6,com.huami.watch.hmwatchmanager
2026.09.07 08:00:00,08:00:00,15,com.huami.watch.hmwatchmanager
2026.09.07 20:00:00,20:00:00,18,com.huami.watch.hmwatchmanager
2026.09.07 20:10:00,20:10:00,42,com.huami.watch.hmwatchmanager
2026.09.07 20:40:00,20:40:00,9,com.huami.watch.hmwatchmanager
2026.09.07 21:20:00,21:20:00,11,com.huami.watch.hmwatchmanager
2026.09.07 21:30:00,21:30:00,25,com.huami.watch.hmwatchmanager
2026.09.07 22:50:00,22:50:00,11,com.huami.watch.hmwatchmanager
2026.09.07 23:00:00,23:00:00,17,com.huami.watch.hmwatchmanager
2026.09.08 03:30:00,03:30:00,12,com.huami.watch.hmwatchmanager
2026.09.08 03:40:00,03:40:00,10,com.huami.watch.hmwatchmanager
2026.09.08 05:40:00,05:40:00,156,com.huami.watch.hmwatchmanager
2026.09.08 05:50:00,05:50:00,298,com.huami.watch.hmwatchmanager
2026.09.08 06:00:00,06:00:00,57,com.huami.watch.hmwatchmanager
2026.09.08 06:20:00,06:20:00,82,com.huami.watch.hmwatchmanager
2026.09.08 06:30:00,06:30:00,144,com.huami.watch.hmwatchmanager
2026.09.08 06:40:00,06:40:00,969,com.huami.watch.hmwatchmanager
2026.09.08 06:50:00,06:50:00,322,com.huami.watch.hmwatchmanager
2026.09.08 07:00:00,07:00:00,1602,com.huami.watch.hmwatchmanager
2026.09.08 07:10:00,07:10:00,1611,com.huami.watch.hmwatchmanager
2026.09.08 07:20:00,07:20:00,715,com.huami.watch.hmwatchmanager
2026.09.08 07:30:00,07:30:00,844,com.huami.watch.hmwatchmanager
2026.09.08 07:40:00,07:40:00,72,com.huami.watch.hmwatchmanager
2026.09.08 07:50:00,07:50:00,42,com.huami.watch.hmwatchmanager
2026.09.08 08:00:00,08:00:00,25,com.huami.watch.hmwatchmanager
2026.09.08 08:10:00,08:10:00,6,com.huami.watch.hmwatchmanager
2026.09.08 23:00:00,23:00:00,3,com.huami.watch.hmwatchmanager
2026.09.08 23:10:00,23:10:00,24,com.huami.watch.hmwatchmanager
2026.09.09 02:20:00,02:20:00,5,com.huami.watch.hmwatchmanager
2026.09.09 05:40:00,05:40:00,102,com.huami.watch.hmwatchmanager
2026.09.09 05:50:00,05:50:00,33,com.huami.watch.hmwatchmanager
2026.09.09 06:10:00,06:10:00,83,com.huami.watch.hmwatchmanager
2026.09.09 06:20:00,06:20:00,65,com.huami.watch.hmwatchmanager
2026.09.09 06:30:00,06:30:00,207,com.huami.watch.hmwatchmanager
2026.09.09 06:40:00,06:40:00,600,com.huami.watch.hmwatchmanager
2026.09.09 06:50:00,06:50:00,1671,com.huami.watch.hmwatchmanager
2026.09.09 07:00:00,07:00:00,1656,com.huami.watch.hmwatchmanager
2026.09.09 07:10:00,07:10:00,1023,com.huami.watch.hmwatchmanager
2026.09.09 07:20:00,07:20:00,985,com.huami.watch.hmwatchmanager
2026.09.09 07:30:00,07:30:00,86,com.huami.watch.hmwatchmanager
2026.09.09 07:40:00,07:40:00,33,com.huami.watch.hmwatchmanager
2026.09.09 23:00:00,23:00:00,77,com.huami.watch.hmwatchmanager
2026.09.09 23:10:00,23:10:00,18,com.huami.watch.hmwatchmanager
2026.09.10 01:10:00,01:10:00,13,com.huami.watch.hmwatchmanager
2026.09.10 05:30:00,05:30:00,14,com.huami.watch.hmwatchmanager
2026.09.10 05:40:00,05:40:00,16,com.huami.watch.hmwatchmanager
2026.09.10 05:50:00,05:50:00,238,com.huami.watch.hmwatchmanager
2026.09.10 06:10:00,06:10:00,55,com.huami.watch.hmwatchmanager
2026.09.10 06:20:00,06:20:00,21,com.huami.watch.hmwatchmanager
2026.09.10 06:30:00,06:30:00,896,com.huami.watch.hmwatchmanager
2026.09.10 06:40:00,06:40:00,1151,com.huami.watch.hmwatchmanager
2026.09.10 06:50:00,06:50:00,1242,com.huami.watch.hmwatchmanager
2026.09.10 07:00:00,07:00:00,1277,com.huami.watch.hmwatchmanager
2026.09.10 07:10:00,07:10:00,1133,com.huami.watch.hmwatchmanager
2026.09.10 07:20:00,07:20:00,808,com.huami.watch.hmwatchmanager
2026.09.10 07:30:00,07:30:00,99,com.huami.watch.hmwatchmanager
2026.09.10 07:40:00,07:40:00,13,com.huami.watch.hmwatchmanager
2026.09.10 07:50:00,07:50:00,31,com.huami.watch.hmwatchmanager
2026.09.10 08:00:00,08:00:00,100,com.huami.watch.hmwatchmanager
2026.09.10 22:50:00,22:50:00,38,com.huami.watch.hmwatchmanager
2026.09.10 23:00:00,23:00:00,6,com.huami.watch.hmwatchmanager
2026.09.11 00:00:00,00:00:00,6,com.huami.watch.hmwatchmanager
2026.09.11 01:20:00,01:20:00,3,com.huami.watch.hmwatchmanager
2026.09.11 02:50:00,02:50:00,23,com.huami.watch.hmwatchmanager
2026.09.11 05:50:00,05:50:00,291,com.huami.watch.hmwatchmanager
2026.09.11 06:00:00,06:00:00,209,com.huami.watch.hmwatchmanager
2026.09.11 06:10:00,06:10:00,3,com.huami.watch.hmwatchmanager
2026.09.11 06:20:00,06:20:00,10,com.huami.watch.hmwatchmanager
2026.09.11 06:30:00,06:30:00,568,com.huami.watch.hmwatchmanager
2026.09.11 06:40:00,06:40:00,611,com.huami.watch.hmwatchmanager
2026.09.11 06:50:00,06:50:00,1249,com.huami.watch.hmwatchmanager
2026.09.11 07:00:00,07:00:00,1275,com.huami.watch.hmwatchmanager
2026.09.11 07:10:00,07:10:00,1272,com.huami.watch.hmwatchmanager
2026.09.11 07:20:00,07:20:00,362,com.huami.watch.hmwatchmanager
2026.09.11 07:30:00,07:30:00,28,com.huami.watch.hmwatchmanager
2026.09.11 07:40:00,07:40:00,23,com.huami.watch.hmwatchmanager
2026.09.11 07:50:00,07:50:00,68,com.huami.watch.hmwatchmanager
2026.09.11 20:00:00,20:00:00,39,com.huami.watch.hmwatchmanager
2026.09.11 20:10:00,20:10:00,174,com.huami.watch.hmwatchmanager
2026.09.11 20:20:00,20:20:00,40,com.huami.watch.hmwatchmanager
2026.09.11 20:30:00,20:30:00,32,com.huami.watch.hmwatchmanager
2026.09.11 21:10:00,21:10:00,11,com.huami.watch.hmwatchmanager
2026.09.11 21:30:00,21:30:00,57,com.huami.watch.hmwatchmanager
2026.09.11 21:40:00,21:40:00,7,com.huami.watch.hmwatchmanager
2026.09.12 01:50:00,01:50:00,10,com.huami.watch.hmwatchmanager
2026.09.12 04:10:00,04:10:00,5,com.huami.watch.hmwatchmanager
2026.09.12 04:50:00,04:50:00,131,com.huami.watch.hmwatchmanager
2026.09.12 05:00:00,05:00:00,303,com.huami.watch.hmwatchmanager
2026.09.12 05:10:00,05:10:00,445,com.huami.watch.hmwatchmanager
2026.09.12 05:30:00,05:30:00,88,com.huami.watch.hmwatchmanager
2026.09.12 05:40:00,05:40:00,310,com.huami.watch.hmwatchmanager
2026.09.12 06:20:00,06:20:00,6,com.huami.watch.hmwatchmanager
2026.09.12 06:30:00,06:30:00,7,com.huami.watch.hmwatchmanager
2026.09.12 06:40:00,06:40:00,8,com.huami.watch.hmwatchmanager
2026.09.12 07:10:00,07:10:00,12,com.huami.watch.hmwatchmanager
2026.09.12 07:20:00,07:20:00,50,com.huami.watch.hmwatchmanager
2026.09.12 07:50:00,07:50:00,9,com.huami.watch.hmwatchmanager
2026.09.12 08:30:00,08:30:00,22,com.huami.watch.hmwatchmanager
2026.09.12 08:40:00,08:40:00,31,com.huami.watch.hmwatchmanager
2026.09.12 20:00:00,20:00:00,18,com.huami.watch.hmwatchmanager
2026.09.12 20:40:00,20:40:00,9,com.huami.watch.hmwatchmanager
2026.09.12 21:10:00,21:10:00,17,com.huami.watch.hmwatchmanager
2026.09.12 21:30:00,21:30:00,25,com.huami.watch.hmwatchmanager
2026.09.12 23:10:00,23:10:00,10,com.huami.watch.hmwatchmanager
2026.09.12 23:20:00,23:20:00,25,com.huami.watch.hmwatchmanager
2026.09.13 00:40:00,00:40:00,8,com.huami.watch.hmwatchmanager
2026.09.13 04:40:00,04:40:00,14,com.huami.watch.hmwatchmanager
2026.09.13 05:50:00,05:50:00,233,com.huami.watch.hmwatchmanager
2026.09.13 06:10:00,06:10:00,6,com.huami.watch.hmwatchmanager
2026.09.13 06:20:00,06:20:00,27,com.huami.watch.hmwatchmanager
2026.09.13 06:30:00,06:30:00,51,com.huami.watch.hmwatchmanager
2026.09.13 06:40:00,06:40:00,275,com.huami.watch.hmwatchmanager
2026.09.13 06:50:00,06:50:00,105,com.huami.watch.hmwatchmanager
2026.09.13 07:00:00,07:00:00,1081,com.huami.watch.hmwatchmanager
2026.09.13 07:10:00,07:10:00,1092,com.huami.watch.hmwatchmanager
2026.09.13 07:20:00,07:20:00,1126,com.huami.watch.hmwatchmanager
2026.09.13 07:30:00,07:30:00,1104,com.huami.watch.hmwatchmanager
2026.09.13 07:40:00,07:40:00,1103,com.huami.watch.hmwatchmanager
2026.09.13 07:50:00,07:50:00,311,com.huami.watch.hmwatchmanager
2026.09.13 08:00:00,08:00:00,18,com.huami.watch.hmwatchmanager
2026.09.13 08:10:00,08:10:00,24,com.huami.watch.hmwatchmanager
2026.09.13 08:20:00,08:20:00,10,com.huami.watch.hmwatchmanager
2026.09.13 08:30:00,08:30:00,51,com.huami.watch.hmwatchmanager
2026.09.13 08:40:00,08:40:00,21,com.huami.watch.hmwatchmanager
2026.09.13 08:50:00,08:50:00,21,com.huami.watch.hmwatchmanager
2026.09.13 16:10:00,16:10:00,56,com.huami.watch.hmwatchmanager
2026.09.13 16:20:00,16:20:00,142,com.huami.watch.hmwatchmanager
2026.09.13 16:40:00,16:40:00,22,com.huami.watch.hmwatchmanager
2026.09.13 17:20:00,17:20:00,25,com.huami.watch.hmwatchmanager
2026.09.13 17:30:00,17:30:00,51,com.huami.watch.hmwatchmanager
2026.09.13 17:40:00,17:40:00,6,com.huami.watch.hmwatchmanager
2026.09.13 18:10:00,18:10:00,22,com.huami.watch.hmwatchmanager
2026.09.13 18:20:00,18:20:00,8,com.huami.watch.hmwatchmanager
2026.09.13 18:30:00,18:30:00,15,com.huami.watch.hmwatchmanager
2026.09.13 18:50:00,18:50:00,57,com.huami.watch.hmwatchmanager
2026.09.13 19:00:00,19:00:00,13,com.huami.watch.hmwatchmanager
2026.09.13 19:20:00,19:20:00,14,com.huami.watch.hmwatchmanager
2026.09.13 23:30:00,23:30:00,34,com.huami.watch.hmwatchmanager
2026.09.14 03:30:00,03:30:00,7,com.huami.watch.hmwatchmanager
2026.09.14 07:50:00,07:50:00,23,com.huami.watch.hmwatchmanager
2026.09.14 23:30:00,23:30:00,44,com.huami.watch.hmwatchmanager
2026.09.15 02:30:00,02:30:00,11,com.huami.watch.hmwatchmanager
2026.09.15 03:00:00,03:00:00,9,com.huami.watch.hmwatchmanager
2026.09.15 05:40:00,05:40:00,7,com.huami.watch.hmwatchmanager
2026.09.15 05:50:00,05:50:00,370,com.huami.watch.hmwatchmanager
2026.09.15 06:00:00,06:00:00,37,com.huami.watch.hmwatchmanager
2026.09.15 06:10:00,06:10:00,101,com.huami.watch.hmwatchmanager
2026.09.15 06:20:00,06:20:00,32,com.huami.watch.hmwatchmanager
2026.09.15 06:30:00,06:30:00,271,com.huami.watch.hmwatchmanager
2026.09.15 06:40:00,06:40:00,1200,com.huami.watch.hmwatchmanager
2026.09.15 06:50:00,06:50:00,1652,com.huami.watch.hmwatchmanager
2026.09.15 07:00:00,07:00:00,1642,com.huami.watch.hmwatchmanager
2026.09.15 07:10:00,07:10:00,1076,com.huami.watch.hmwatchmanager
2026.09.15 07:20:00,07:20:00,1127,com.huami.watch.hmwatchmanager
2026.09.15 07:30:00,07:30:00,169,com.huami.watch.hmwatchmanager
2026.09.15 07:40:00,07:40:00,30,com.huami.watch.hmwatchmanager
2026.09.15 07:50:00,07:50:00,32,com.huami.watch.hmwatchmanager
2026.09.15 08:50:00,08:50:00,6,com.huami.watch.hmwatchmanager
2026.09.15 22:10:00,22:10:00,42,com.huami.watch.hmwatchmanager
2026.09.15 22:30:00,22:30:00,9,com.huami.watch.hmwatchmanager
2026.09.16 01:20:00,01:20:00,7,com.huami.watch.hmwatchmanager
2026.09.16 04:00:00,04:00:00,8,com.huami.watch.hmwatchmanager
2026.09.16 04:50:00,04:50:00,50,com.huami.watch.hmwatchmanager
2026.09.16 05:00:00,05:00:00,109,com.huami.watch.hmwatchmanager
2026.09.16 05:10:00,05:10:00,3,com.huami.watch.hmwatchmanager
2026.09.16 05:20:00,05:20:00,52,com.huami.watch.hmwatchmanager
2026.09.16 05:30:00,05:30:00,239,com.huami.watch.hmwatchmanager
2026.09.16 06:20:00,06:20:00,4,com.huami.watch.hmwatchmanager
2026.09.16 06:50:00,06:50:00,20,com.huami.watch.hmwatchmanager
2026.09.16 07:00:00,07:00:00,49,com.huami.watch.hmwatchmanager
2026.09.16 07:10:00,07:10:00,92,com.huami.watch.hmwatchmanager
2026.09.16 07:20:00,07:20:00,8,com.huami.watch.hmwatchmanager
2026.09.16 08:00:00,08:00:00,8,com.huami.watch.hmwatchmanager
2026.09.16 08:10:00,08:10:00,12,com.huami.watch.hmwatchmanager
2026.09.16 08:20:00,08:20:00,8,com.huami.watch.hmwatchmanager
2026.09.16 08:30:00,08:30:00,40,com.huami.watch.hmwatchmanager
2026.09.16 08:40:00,08:40:00,39,com.huami.watch.hmwatchmanager
2026.09.16 22:10:00,22:10:00,41,com.huami.watch.hmwatchmanager
2026.09.17 01:30:00,01:30:00,12,com.huami.watch.hmwatchmanager
2026.09.17 02:50:00,02:50:00,29,com.huami.watch.hmwatchmanager
2026.09.17 04:40:00,04:40:00,12,com.huami.watch.hmwatchmanager
2026.09.17 05:30:00,05:30:00,9,com.huami.watch.hmwatchmanager
2026.09.17 05:50:00,05:50:00,89,com.huami.watch.hmwatchmanager
2026.09.17 06:20:00,06:20:00,92,com.huami.watch.hmwatchmanager
2026.09.17 06:30:00,06:30:00,93,com.huami.watch.hmwatchmanager
2026.09.17 06:40:00,06:40:00,710,com.huami.watch.hmwatchmanager
2026.09.17 06:50:00,06:50:00,1649,com.huami.watch.hmwatchmanager
2026.09.17 07:00:00,07:00:00,1652,com.huami.watch.hmwatchmanager
2026.09.17 07:10:00,07:10:00,1292,com.huami.watch.hmwatchmanager
2026.09.17 07:20:00,07:20:00,998,com.huami.watch.hmwatchmanager
2026.09.17 07:30:00,07:30:00,335,com.huami.watch.hmwatchmanager
2026.09.17 07:40:00,07:40:00,71,com.huami.watch.hmwatchmanager
2026.09.17 07:50:00,07:50:00,20,com.huami.watch.hmwatchmanager
2026.09.17 23:40:00,23:40:00,77,com.huami.watch.hmwatchmanager
2026.09.18 00:00:00,00:00:00,7,com.huami.watch.hmwatchmanager
2026.09.18 04:40:00,04:40:00,9,com.huami.watch.hmwatchmanager
2026.09.18 05:50:00,05:50:00,231,com.huami.watch.hmwatchmanager
2026.09.18 06:00:00,06:00:00,90,com.huami.watch.hmwatchmanager
2026.09.18 06:20:00,06:20:00,60,com.huami.watch.hmwatchmanager
2026.09.18 06:30:00,06:30:00,180,com.huami.watch.hmwatchmanager
2026.09.18 06:40:00,06:40:00,707,com.huami.watch.hmwatchmanager
2026.09.18 06:50:00,06:50:00,1674,com.huami.watch.hmwatchmanager
2026.09.18 07:00:00,07:00:00,1669,com.huami.watch.hmwatchmanager
2026.09.18 07:10:00,07:10:00,975,com.huami.watch.hmwatchmanager
2026.09.18 07:20:00,07:20:00,1064,com.huami.watch.hmwatchmanager
2026.09.18 07:30:00,07:30:00,345,com.huami.watch.hmwatchmanager
2026.09.18 07:40:00,07:40:00,85,com.huami.watch.hmwatchmanager
2026.09.18 07:50:00,07:50:00,44,com.huami.watch.hmwatchmanager
2026.09.18 08:00:00,08:00:00,59,com.huami.watch.hmwatchmanager
2026.09.18 22:30:00,22:30:00,24,com.huami.watch.hmwatchmanager
2026.09.18 23:00:00,23:00:00,7,com.huami.watch.hmwatchmanager
2026.09.19 00:00:00,00:00:00,6,com.huami.watch.hmwatchmanager
2026.09.19 04:50:00,04:50:00,153,com.huami.watch.hmwatchmanager
2026.09.19 05:00:00,05:00:00,34,com.huami.watch.hmwatchmanager
2026.09.19 05:30:00,05:30:00,210,com.huami.watch.hmwatchmanager
2026.09.19 05:50:00,05:50:00,8,com.huami.watch.hmwatchmanager
2026.09.19 06:30:00,06:30:00,29,com.huami.watch.hmwatchmanager
2026.09.19 07:30:00,07:30:00,20,com.huami.watch.hmwatchmanager
2026.09.19 07:40:00,07:40:00,47,com.huami.watch.hmwatchmanager
2026.09.19 08:30:00,08:30:00,63,com.huami.watch.hmwatchmanager
2026.09.20 04:00:00,04:00:00,21,com.huami.watch.hmwatchmanager
2026.09.20 07:20:00,07:20:00,274,com.huami.watch.hmwatchmanager
2026.09.20 22:30:00,22:30:00,11,com.huami.watch.hmwatchmanager
2026.09.20 22:40:00,22:40:00,16,com.huami.watch.hmwatchmanager
2026.09.21 00:10:00,00:10:00,6,com.huami.watch.hmwatchmanager
2026.09.21 04:00:00,04:00:00,6,com.huami.watch.hmwatchmanager
2026.09.21 07:30:00,07:30:00,35,com.huami.watch.hmwatchmanager
2026.09.21 07:40:00,07:40:00,221,com.huami.watch.hmwatchmanager
2026.09.21 22:30:00,22:30:00,7,com.huami.watch.hmwatchmanager
2026.09.21 22:40:00,22:40:00,119,com.huami.watch.hmwatchmanager
2026.09.21 22:50:00,22:50:00,3,com.huami.watch.hmwatchmanager
2026.09.21 23:30:00,23:30:00,19,com.huami.watch.hmwatchmanager
2026.09.22 00:20:00,00:20:00,8,com.huami.watch.hmwatchmanager
2026.09.22 03:30:00,03:30:00,19,com.huami.watch.hmwatchmanager
2026.09.22 03:40:00,03:40:00,11,com.huami.watch.hmwatchmanager
2026.09.22 04:40:00,04:40:00,18,com.huami.watch.hmwatchmanager
2026.09.22 04:50:00,04:50:00,20,com.huami.watch.hmwatchmanager
2026.09.22 05:30:00,05:30:00,277,com.huami.watch.hmwatchmanager
2026.09.22 05:40:00,05:40:00,448,com.huami.watch.hmwatchmanager
2026.09.22 06:10:00,06:10:00,144,com.huami.watch.hmwatchmanager
2026.09.22 06:20:00,06:20:00,13,com.huami.watch.hmwatchmanager
2026.09.22 06:30:00,06:30:00,293,com.huami.watch.hmwatchmanager
2026.09.22 06:40:00,06:40:00,1266,com.huami.watch.hmwatchmanager
2026.09.22 06:50:00,06:50:00,1614,com.huami.watch.hmwatchmanager
2026.09.22 07:00:00,07:00:00,1635,com.huami.watch.hmwatchmanager
2026.09.22 07:10:00,07:10:00,1112,com.huami.watch.hmwatchmanager
2026.09.22 07:20:00,07:20:00,1240,com.huami.watch.hmwatchmanager
2026.09.22 07:30:00,07:30:00,168,com.huami.watch.hmwatchmanager
2026.09.22 07:40:00,07:40:00,65,com.huami.watch.hmwatchmanager
2026.09.22 07:50:00,07:50:00,9,com.huami.watch.hmwatchmanager
2026.09.22 23:10:00,23:10:00,7,com.huami.watch.hmwatchmanager
2026.09.22 23:20:00,23:20:00,48,com.huami.watch.hmwatchmanager
2026.09.22 23:40:00,23:40:00,7,com.huami.watch.hmwatchmanager
2026.09.23 00:50:00,00:50:00,22,com.huami.watch.hmwatchmanager
2026.09.23 04:00:00,04:00:00,9,com.huami.watch.hmwatchmanager
2026.09.23 05:50:00,05:50:00,14,com.huami.watch.hmwatchmanager
2026.09.23 06:00:00,06:00:00,96,com.huami.watch.hmwatchmanager
2026.09.23 06:20:00,06:20:00,120,com.huami.watch.hmwatchmanager
2026.09.23 06:30:00,06:30:00,81,com.huami.watch.hmwatchmanager
2026.09.23 06:40:00,06:40:00,223,com.huami.watch.hmwatchmanager
2026.09.23 06:50:00,06:50:00,1695,com.huami.watch.hmwatchmanager
2026.09.23 07:00:00,07:00:00,1683,com.huami.watch.hmwatchmanager
2026.09.23 07:10:00,07:10:00,1379,com.huami.watch.hmwatchmanager
2026.09.23 07:20:00,07:20:00,867,com.huami.watch.hmwatchmanager
2026.09.23 07:30:00,07:30:00,494,com.huami.watch.hmwatchmanager
2026.09.23 07:50:00,07:50:00,45,com.huami.watch.hmwatchmanager
2026.09.23 08:00:00,08:00:00,12,com.huami.watch.hmwatchmanager
